pn,op,parts_mfg_ct,mfg_pct
65421P11,op232,12000,80.008331
65421P11,op630,12000,0.000000
44321P02,op016,8000,80.000000
44321P02,op420,8000,80.000000
54321P01,op116,12000,80.000000
54321P01,op220,12000,80.000000
